path,identity
images\t025\xmRtMhuQaH.jpg,t025
images\t204\CTkkpnyEoo.JPG,t204
images\t204\nnrzJykFra.JPG,t204
images\t204\sBYZRKOZcY.JPG,t204
images\t204\cpJxZIPhdQ.JPG,t204
images\t204\czjNXRMbRe.JPG,t204
images\t204\CTQsNDiiFA.JPG,t204
images\t204\cCDJJMxJLi.JPG,t204
images\t204\lTNUpCBsVR.JPG,t204
images\t204\veJIlIOyst.JPG,t204
images\t204\VucpgjQeFY.JPG,t204
images\t204\SAtJpuPXco.JPG,t204
images\t204\VISIflXxRE.JPG,t204
images\t204\HPMbXKcHSX.JPG,t204
images\t204\NaEHRJyKyb.jpg,t204
images\t204\DhlwKSaaCa.JPG,t204
images\t204\BxcpsRuNGN.JPG,t204
images\t204\SYytxGCOii.JPG,t204
images\t204\ZRPUAwenvC.JPG,t204
images\t204\WoDThXCGpY.JPG,t204
images\t204\ZVftfkDhXZ.JPG,t204
images\t204\QLJgoxHUJa.JPG,t204
images\t204\CUlpXSkBJv.JPG,t204
images\t204\ZocFjhrWpX.JPG,t204
images\t204\xTGoclaCfU.JPG,t204
images\t204\NpegFawddi.JPG,t204
images\t094\YRbAlqcjxY.JPG,t094
images\t094\HgUuYrzqeT.JPG,t094
images\t094\hYZafohLOd.JPG,t094
images\t094\zpiyaotSld.JPG,t094
images\t094\hYFlbvsgDr.JPG,t094
images\t094\EvVaEblQmZ.JPG,t094
images\t094\MaWraDBkAQ.JPG,t094
images\t094\zfDQvObbva.JPG,t094
images\t094\UKHOIJMwYs.JPG,t094
images\t094\eKTsJldQok.JPG,t094
images\t094\ThNHYKoeaA.JPG,t094
images\t094\RXTEmeXWfk.JPG,t094
images\t094\lZkWLMzJFy.JPG,t094
images\t094\hBSeCMVZOk.JPG,t094
images\t094\cGFYYKnMVR.JPG,t094
images\t025\EqOhlatgUK.jpg,t025
images\t025\ELHLLqXaov.JPG,t025
images\t025\litZGfffsv.JPG,t025
images\t025\XwJcUyQfBz.JPG,t025
images\t025\VQWmYImXNs.JPG,t025
images\t025\NdBQPTFCSC.JPG,t025
images\t025\vWrYSuHipe.JPG,t025
images\t025\vsomsWqtXo.jpg,t025
images\t025\WhBgbmImGm.jpg,t025
images\t025\gSGJQQyduo.jpg,t025
images\t025\AFjBZDTjic.jpg,t025
images\t025\LqZkhawjzl.JPG,t025
images\t025\OoTZSrLTiM.JPG,t025
images\t025\hLJMncAAnV.JPG,t025
images\t073\ZWoYbfoGPr.JPG,t073
images\t073\idjcrRADWF.JPG,t073
images\t073\tItIScjVgT.JPG,t073
images\t073\zMrzxrvOQG.JPG,t073
images\t073\rvqMXqGrOk.JPG,t073
images\t073\TMqAzUAYaL.jpg,t073
images\t073\zcvaTFaqCs.jpg,t073
images\t073\IVHRuccmoD.JPG,t073
images\t073\dzrAFERRHv.jpeg,t073
images\t073\rrsSLtRFif.jpeg,t073
images\t073\GxWmwcDiHF.jpeg,t073
images\t073\XVIIvxQowI.jpeg,t073
images\t073\xcrTwloYaL.jpeg,t073
images\t073\tbykhXUJkr.jpeg,t073
images\t073\WPzCakGcST.jpeg,t073
images\t073\zZNhbokpaE.jpeg,t073
images\t073\WjlAtQbiRL.jpeg,t073
images\t073\CFqVSuEPbd.jpeg,t073
images\t034\oucuQvfZQY.JPG,t034
images\t034\ghuRGkzucS.JPG,t034
images\t034\YIaQzHHtPC.JPG,t034
images\t034\oVqrUEhSWZ.JPG,t034
images\t034\OZIUJLykMl.JPG,t034
images\t034\FzsVfbrYse.JPG,t034
images\t034\cdYONfvqlM.jpg,t034
images\t034\nXyGAKmfhY.JPG,t034
images\t034\pFFQTuryfU.jpg,t034
images\t034\VPjrxipRZp.JPG,t034
images\t034\BlLnLbnRPy.JPG,t034
images\t034\VINpCPoMzY.JPG,t034
images\t034\lWlswmVxJZ.JPG,t034
images\t034\BSdVtWJuQe.JPG,t034
images\t023\XJuWRTgkDL.JPG,t023
images\t023\GbMUtabafJ.JPG,t023
images\t023\YBRnhLZbtX.jpg,t023
images\t023\yoXOVePDDq.JPG,t023
images\t023\gIWPQbASwH.JPG,t023
images\t023\HZsbkIjucU.JPG,t023
images\t023\bFDAvrYiWl.JPG,t023
images\t023\nRYVdYfqBM.JPG,t023
images\t023\FjcFDshgIm.JPG,t023
images\t023\AKOFtQyjtX.JPG,t023
images\t023\GSCUgXKmJm.JPG,t023
images\t023\ixwtgjWGyu.JPG,t023
images\t023\sXKQqnwTTb.JPG,t023
images\t023\nxewsVzGJq.JPG,t023
images\t023\OjSobbdEHy.JPG,t023
images\t023\lyDndXWsdK.JPG,t023
images\t023\ZQXMXEKkaW.jpg,t023
images\t023\kcTtcyegVj.JPG,t023
images\t023\HpBIziWqan.JPG,t023
images\t023\qmpVGJGnJQ.JPG,t023
images\t243\uYxAcmzzDy.JPG,t243
images\t243\CqEHpWOTeP.JPG,t243
images\t243\JcvdyryAYe.JPG,t243
images\t243\xfTfCEJLrP.JPG,t243
images\t243\uiEiLUSAsV.JPG,t243
images\t243\fgleOUizfN.JPG,t243
images\t243\gaYIDckefd.JPG,t243
images\t243\TkzWxLQSsB.JPG,t243
images\t243\igUlqdgjbj.JPG,t243
images\t243\apEDGEwVTf.JPG,t243
images\t243\BeNQTxgdIv.JPG,t243
images\t243\iEuuoXtjwz.JPG,t243
images\t243\ydBHnWVisy.JPG,t243
images\t243\DfXquLzotU.JPG,t243
images\t243\MaCkwgmRJo.JPG,t243
images\t243\vByDyxtuzM.JPG,t243
images\t243\OiuQyMwHMI.JPG,t243
images\t243\qxOIHDWqFG.JPG,t243
images\t243\zQHEnqgFBO.JPG,t243
images\t243\QptLaqpyXx.JPG,t243
images\t243\lRvQcmGfTQ.JPG,t243
images\t243\YZKHgyXStR.JPG,t243
images\t243\XPASgSceTS.JPG,t243
images\t243\nCWiOyVnbb.JPG,t243
images\t243\PTPqIcXzWF.JPG,t243
images\t243\UHJWFhnlIg.JPG,t243
images\t243\XfTfxCfCDs.JPG,t243
images\t243\jioZDTFYZn.JPG,t243
images\t243\TaTzqGHgBt.JPG,t243
images\t243\wjwvAQJobO.JPG,t243
images\t243\SyOfxZTnYR.JPG,t243
images\t243\meAzjTCuWG.JPG,t243
images\t243\emFJHvVwOJ.JPG,t243
images\t243\qBmBjYQMyP.JPG,t243
images\t243\lUYPAHTzyx.JPG,t243
images\t243\iWwsOjMKwM.JPG,t243
images\t243\AhuTQfBYTN.JPG,t243
images\t243\vsdPIZPgAV.JPG,t243
images\t243\cXHINGAFaf.JPG,t243
images\t243\xUgULEQinz.JPG,t243
images\t243\kURonwyWUl.jpeg,t243
images\t243\KQYCZdUUHK.jpeg,t243
images\t243\eRSkNQyFAI.jpeg,t243
images\t243\lHyGDcOBPD.jpeg,t243
images\t243\JNguHdFytz.jpeg,t243
images\t243\oaQiiJMlch.jpeg,t243
images\t243\QeceDYTmax.jpeg,t243
images\t243\NmGRFUNvOF.jpeg,t243
images\t243\WpNmIkKyRz.jpeg,t243
images\t243\SHtffWloeP.jpeg,t243
images\t243\gcATcBFaMH.jpeg,t243
images\t243\tILZGTVQKa.jpeg,t243
images\t243\EwnUsZPFDm.jpeg,t243
images\t243\NBNQcdmTnq.jpeg,t243
images\t243\buXvKacKpp.jpeg,t243
images\t243\RzwFEVrVHP.JPG,t243
images\t243\SyxgAFENQB.JPG,t243
images\t243\UEvihicUHJ.JPG,t243
images\t243\dfAeKYmGQs.JPG,t243
images\t243\oaHSrRvTTg.JPG,t243
images\t243\WoZawDUaMs.JPG,t243
images\t243\DEHWpEXLFh.JPG,t243
images\t243\mkMFSeEjnV.JPG,t243
images\t243\zCNFPkBbxR.JPG,t243
images\t243\YmnXOTLYxc.JPG,t243
images\t243\GAWKfdbfLB.JPG,t243
images\t243\nJpoJYZpGd.JPG,t243
images\t243\lIQvrOqoiD.JPG,t243
images\t243\vrHmWqGdMs.JPG,t243
images\t243\lOZUjPIOvl.JPG,t243
images\t243\LeicmKsdKa.JPG,t243
images\t243\gatpWnoZUs.jpg,t243
images\t217\wXKsCKRqOq.JPG,t217
images\t217\TTkImLsCaU.JPG,t217
images\t217\lSEoTdNpyA.JPG,t217
images\t217\OIrKTSxfnW.JPG,t217
images\t217\QvIbYapiDI.JPG,t217
images\t217\CogBuQjEih.JPG,t217
images\t217\MePRQQOVeR.JPG,t217
images\t217\foUmlSIYFb.JPG,t217
images\t217\nMJeFCCUwK.JPG,t217
images\t217\iYWyvQMPqa.JPG,t217
images\t217\gjtqHvoVod.JPG,t217
images\t217\DXCnFqzezy.JPG,t217
images\t217\OBBzZNqejY.JPG,t217
images\t217\guieHJTqQC.JPG,t217
images\t217\lyioLAtXpW.JPG,t217
images\t217\vgnNcejJJK.JPG,t217
images\t217\FmOpdCcUbV.JPG,t217
images\t217\MprCwpdMYm.JPG,t217
images\t217\aEBgyoBVTP.JPG,t217
images\t217\jKYGCWfZEs.JPG,t217
images\t217\MEyPcTKLOp.JPG,t217
images\t217\ZVDCYTmLuP.JPG,t217
images\t217\joZWghxKsm.JPG,t217
images\t217\unZlcsvEUj.JPG,t217
images\t217\TYMSCKPrEc.JPG,t217
images\t217\LGAWMJSIJq.JPG,t217
images\t217\MdsiRbEZQc.JPG,t217
images\t217\UblQbOhGxm.JPG,t217
images\t217\lQwkxCSaoC.JPG,t217
images\t217\hqUKmFlvWr.JPG,t217
images\t217\FrHzMyzxDy.JPG,t217
images\t217\PdETSpkDhR.JPG,t217
images\t217\DSZbZtnLeg.JPG,t217
images\t217\EPsOfYtiHA.JPG,t217
images\t217\ysUeecxmZe.JPG,t217
images\t217\auOUyVUqHw.JPG,t217
images\t217\JvHqeArYSk.JPG,t217
images\t217\PnKfOlwwSR.JPG,t217
images\t217\lqWofNDCNP.JPG,t217
images\t217\nNUXRiHXuZ.JPG,t217
images\t217\jURvRObKIH.JPG,t217
images\t217\bvQxQgOaYo.JPG,t217
images\t217\izIhTnDlVC.JPG,t217
images\t217\ddfEGOTBct.JPG,t217
images\t217\ZDPasoyHQq.JPG,t217
images\t217\jXYbklBAWT.JPG,t217
images\t217\BGimRjrzbs.JPG,t217
images\t217\BKDwqScfOI.JPG,t217
images\t217\bXOtFqlXgS.JPG,t217
images\t217\qMQuzWIYWC.JPG,t217
images\t217\ZxLFPQPduY.JPG,t217
images\t217\GXURUCuuKR.JPG,t217
images\t217\HKgStRnvfU.JPG,t217
images\t217\nUcjEltJEf.JPG,t217
images\t217\QeNfDJnpGI.JPG,t217
images\t217\mMbKdrngkb.JPG,t217
images\t217\LkbaMvGLKx.JPG,t217
images\t217\jatQaRgkyY.JPG,t217
images\t217\qrEICJVNJF.JPG,t217
images\t217\cqmfLTdBme.JPG,t217
images\t217\xOJSERzIxj.JPG,t217
images\t217\KAThYHNgIP.JPG,t217
images\t217\FDtYdNhYIi.JPG,t217
images\t217\uuXwVsxzcv.jpg,t217
images\t217\iTaiMznRtE.JPG,t217
images\t217\dKeklFLXki.JPG,t217
images\t217\qKutfTAZum.JPG,t217
images\t217\QjppRJYRIb.JPG,t217
images\t217\eXggwgczPQ.JPG,t217
images\t217\GiBMLUurGP.JPG,t217
images\t217\tywGHHWlYM.JPG,t217
images\t217\UVQgMStTfX.JPG,t217
images\t217\GNNrAXHWDg.JPG,t217
images\t217\GMucGlOSOR.JPG,t217
images\t217\YcldffuiJA.JPG,t217
images\t323\cuNyEyTlts.JPG,t323
images\t323\TrNBmAatYL.JPG,t323
images\t323\EhFsmRkYAp.JPG,t323
images\t323\mEwnYZZvzg.JPG,t323
images\t323\JKkvoIDauN.JPG,t323
images\t323\UNKgUFFZRO.JPG,t323
images\t323\FLKkizlETa.JPG,t323
images\t323\KZLQyebrBI.JPG,t323
images\t323\XetzeUOlbh.JPG,t323
images\t323\SUKdsVOLae.JPG,t323
images\t323\mKyqpkmDYJ.JPG,t323
images\t323\yEcZdPsQFd.JPG,t323
images\t323\dBCpHVLtGi.JPG,t323
images\t323\lvQaeMlGgc.JPG,t323
images\t323\WaFgAThOgp.JPG,t323
images\t323\zbcvAGzqxg.JPG,t323
images\t323\LpGVtTJKWn.JPG,t323
images\t323\ykuXLIRXhT.JPG,t323
images\t323\zJkFraYgiR.JPG,t323
images\t323\QYtVTjhBVU.JPG,t323
images\t323\tPDsSkRyWB.JPG,t323
images\t323\PTvidJBZwa.JPG,t323
images\t323\UVFPvsyQGx.JPG,t323
images\t323\ipGqbYVevK.JPG,t323
images\t323\kcUbhbRGEB.JPG,t323
images\t323\VePTzEyHOv.JPG,t323
images\t323\BuGZNTtnEM.JPG,t323
images\t323\skEGgaZfps.JPG,t323
images\t323\FmVjbdNJSl.JPG,t323
images\t323\PNWWXpmGgo.JPG,t323
images\t323\IQEvELAnwL.JPG,t323
images\t323\AxgUiDkRzp.JPG,t323
images\t323\TRAJUasvAf.JPG,t323
images\t323\HlAhxTiGJf.JPG,t323
images\t323\NMjKMbAAPS.JPG,t323
images\t323\SybcOPJtVh.JPG,t323
images\t323\gSrnbelCRg.JPG,t323
images\t323\eYZUJKKztT.JPG,t323
images\t323\uKTWankCWr.JPG,t323
images\t323\gpOJMlgJIB.JPG,t323
images\t323\xRqgyIIDXT.JPG,t323
images\t323\FVutqoiBcV.JPG,t323
images\t323\sHrTZqwURI.JPG,t323
images\t323\uKJqeIWumV.JPG,t323
images\t323\NZZoQvvTUo.JPG,t323
images\t323\JuzrPoNPdO.JPG,t323
images\t323\SrMzgvHTJX.JPG,t323
images\t323\tAObFhSFIm.JPG,t323
images\t323\eFEDfHoCEP.JPG,t323
images\t323\EiQblvTqMC.JPG,t323
images\t323\uHFoeKhjxA.JPG,t323
images\t323\mXOQShBXhN.JPG,t323
images\t323\bugyBDbSNz.JPG,t323
images\t323\fakIgsEArm.JPG,t323
images\t323\nTRgWKqxRU.JPG,t323
images\t033\YpbwRvMprh.JPG,t033
images\t033\wBKHxrSHZK.JPG,t033
images\t033\XhmOgGNytR.JPG,t033
images\t033\ZFaPhzwssR.JPG,t033
images\t033\uqxmQngBQI.JPG,t033
images\t033\HndKumhhuv.JPG,t033
images\t033\kuOrOJtPCQ.JPG,t033
images\t033\xmdLyFYPlz.JPG,t033
images\t033\bhdKiPuSGC.JPG,t033
images\t033\SZIUeRMqMI.JPG,t033
images\t033\aAIPugFRGe.JPG,t033
images\t033\KCTBcCUCQf.JPG,t033
images\t033\XxMtgjWgWJ.jpeg,t033
images\t033\jywJyKJqHk.jpg,t033
images\t033\OVRRkbHfNd.jpg,t033
images\t033\yYbzrBoSCd.jpg,t033
images\t033\OMhHvLjmCh.JPG,t033
images\t033\YGAKuHSYgS.JPG,t033
images\t033\cHloPAcxaT.JPG,t033
images\t033\wrtqLAynfk.JPG,t033
images\t033\xkjKzkSodI.JPG,t033
images\t033\ktCkrXiCsw.JPG,t033
images\t033\jwjxRnRklT.JPG,t033
images\t033\JavIrZBgAX.JPG,t033
images\t033\cdTmwoHhGv.JPG,t033
images\t033\oSkneAMVzJ.JPG,t033
images\t033\MjYzXFYVGd.JPG,t033
images\t033\cQtIxlWHdY.JPG,t033
images\t033\lsghZlRXBn.JPG,t033
images\t033\EPdYwOtObe.JPG,t033
